asian, black, white
0.01482497578, 0.0167976883, 0.01437049618