asian, black, white
0.03549271543, 0.008318021982, 0.01042296362